<application>
  <component name="MaterialThemeConfig">
    <option name="arrowsStyle" value="None" />
    <option name="compactDropdowns" value="true" />
    <option name="isCompactMenus" value="true" />
    <option name="isCompactStatusBar" value="true" />
    <option name="isCompactTables" value="true" />
    <option name="isCustomTreeIndentEnabled" value="true" />
    <option name="isHighContrast" value="true" />
    <option name="isWizardShown" value="true" />
    <option name="monochromeIcons" value="true" />
    <option name="pristineConfig" value="false" />
    <option name="useMaterialIcons" value="false" />
    <option name="leftTreeIndent" value="14" />
    <option name="rightTreeIndent" value="14" />
    <option name="settingsSelectedTab" value="6" />
    <option name="accentColor" value="8bc34a" />
    <option name="selectedTheme" value="CUSTOM" />
    <option name="userId" value="-34b1671f:16ed8be1000:-8000" />
    <option name="version" value="4.2.2" />
  </component>
</application>